2024 RANK,Institution Name,Country
1201-1400, Don State Technical University,Russia
=441, University of Dundee,United Kingdom
=375, Western Sydney University,Australia
901-950,AGH University of Science and Technology,Poland
=336,Aalborg University,Denmark
109,Aalto University,Finland
=143,Aarhus University,Denmark
681-690,Abai Kazakh National Pedagogical University,Kazakhstan
661-670,Aberystwyth University,United Kingdom
601-610,Abo Akademi University,Finland
=580,Abu Dhabi University,United Arab Emirates
731-740,"Adam Mickiewicz University, Poznań",Poland
851-900,Addis Ababa University,Ethiopia
751-760,Ahlia University,Bahrain
721-730,Ain Shams University ,Egypt
=345,Airlangga University,Indonesia
=387,Aix-Marseille University,France
=551,Ajman University,United Arab Emirates
631-640,Ajou University ,South Korea
1401+,Akdeniz Üniversitesi,Turkey
611-620,Al Ain University,United Arab Emirates
1001-1200,Al Quds University The Arab University in Jerusalem,"Palestinian Territory, Occupied"
801-850,Al-Ahliyya Amman University,Jordan
1201-1400,Al-Azhar University,Egypt
1401+,Al-Balqa Applied University,Jordan
=230,Al-Farabi Kazakh National University,Kazakhstan
=192,Albert-Ludwigs-Universitaet Freiburg,Germany
901-950,Alexandria University ,Egypt
1201-1400,Alexandru Ioan Cuza University,Romania
731-740,Alfaisal University,Saudi Arabia
1001-1200,Aligarh Muslim University,India
=154,Alma Mater Studiorum - University of Bologna,Italy
801-850,Almaty Technological University,Kazakhstan
701-710,Altai State University,Russia
791-800,American University,United States
601-610,American University in Dubai,United Arab Emirates
=226,American University of Beirut (AUB),Lebanon
=364,American University of Sharjah,United Arab Emirates
671-680,American University of the Middle East,Kuwait
=375,Amirkabir University of Technology,"Iran, Islamic Republic of"
1001-1200,Amity University,India
1001-1200,Amrita Vishwa Vidyapeetham,India
1001-1200,An-Najah National University,"Palestinian Territory, Occupied"
1201-1400,Anadolu University,Turkey
901-950,Ankara Üniversitesi,Turkey
427,Anna University,India
1201-1400,Aoyama Gakuin University,Japan
=582,Applied Science University - Bahrain,Bahrain
1001-1200,"Arab Academy for Science, Technology and Maritime Transport",Egypt
=530,Aristotle University of Thessaloniki,Greece
179,Arizona State University,United States
621-630,Asia Pacific University of Technology and Innovation (APU),Malaysia
901-950,Asia University Taiwan,Taiwan
1001-1200,Assiut University ,Egypt
=446,Aston University,United Kingdom
1401+,Ataturk University,Turkey
=563,Ateneo de Manila University,Philippines
901-950,Athens University of Economics and Business,Greece
1201-1400,Atma Jaya Catholic University Jakarta,Indonesia
801-850,Auburn University,United States
=407,Auckland University of Technology (AUT),New Zealand
611-620,Auezov South Kazakhstan University (SKU),Kazakhstan
801-850,Australian Catholic University,Australia
1201-1400,Azerbaijan State Oil and Industry University,Azerbaijan
1001-1200,Azerbaijan State University of Economics,Azerbaijan
1001-1200,BRAC University,Bangladesh
801-850,Babes-Bolyai University,Romania
1201-1400,Bahauddin Zakariya University ,Pakistan
1001-1200,Baku State University,Azerbaijan
1001-1200,Banaras Hindu University,India
=281,Bandung Institute of Technology (ITB),Indonesia
801-850,Bangladesh University of Engineering and Technology,Bangladesh
=481,Bangor University,United Kingdom
=545,Bar-Ilan University,Israel
=319,Bauman Moscow State Technical University,Russia
1001-1200,Baylor University,United States
=473,Beihang University (former BUAA),China (Mainland)
1001-1200,Beijing Foreign Studies University,China (Mainland)
=340,Beijing Institute of Technology,China (Mainland)
901-950,Beijing Jiaotong University,China (Mainland)
=272,Beijing Normal University ,China (Mainland)
721-730,Beijing University of Chemical Technology,China (Mainland)
1001-1200,Beijing University of Chinese Medicine,China (Mainland)
Beijing University of Technology,Beijing University of Posts and Telecommunications,China (Mainland)
801-850,Beijing University of Technology,China (Mainland)
711-720,Beirut Arab University ,Lebanon
801-850,Belarusian National Technical University (BNTU),Belarus
=387,Belarusian State University,Belarus
1201-1400,Belarusian State University of Informatics and Radioelectronics,Belarus
=469,Ben-Gurion University of The Negev,Israel
1201-1400,Benemérita Universidad Autónoma de Puebla,Mexico
951-1000,Bielefeld University,Germany
=502,Bilkent University,Turkey
1001-1200,Bina Nusantara University (BINUS),Indonesia
1001-1200,Binghamton University SUNY,United States
374,"Birkbeck, University of London",United Kingdom
951-1000,"Birla Institute of Technology and Science, Pilani",India
1001-1200,Birmingham City University ,United Kingdom
1201-1400,Birzeit university,"Palestinian Territory, Occupied"
=567,Bond University,Australia
631-640,Boston College,United States
=93,Boston University,United States
731-740,Bournemouth University,United Kingdom
=514,Boğaziçi University,Turkey
661-670,Brandeis University,United States
1001-1200,Brigham Young University,United States
1201-1400,British University in Egypt,Egypt
611-620,Brno University of Technology,Czech Republic
1201-1400,Brock University,Canada
=73,Brown University,United States
343,Brunel University London,United Kingdom
741-750,Budapest University of Technology and Economics,Hungary
651-660,COMSATS University Islamabad,Pakistan
1201-1400,CUNY The City College of New York,United States
851-900,CY Cergy Paris University,France
661-670,Ca' Foscari University of Venice ,Italy
=371,Cairo University,Egypt
15,California Institute of Technology (Caltech),United States
1201-1400,California Polytechnic State University,United States
1401+,California State University - Los Angeles,United States
1401+,California State University Long Beach,United States
=551,Canadian University Dubai,United Arab Emirates
1001-1200,Canterbury Christ Church University,United Kingdom
=154,Cardiff University,United Kingdom
671-680,Carleton University,Canada
52,Carnegie Mellon University,United States
255,Case Western Reserve University,United States
851-900,Catania University,Italy
1201-1400,Católica de Córdoba,Argentina
1201-1400,Central Michigan University,United States
=590,Central Queensland University (CQUniversity Australia),Australia
=452,Central South University,China (Mainland)
129,Chalmers University of Technology,Sweden
771-780,Chandigarh University,India
621-630,Chang Gung University,Taiwan
1001-1200,Chang Jung Christian University,Taiwan
1201-1400,Chaoyang University of Technology,Taiwan
601-610,Charles Darwin University ,Australia
801-850,Charles Sturt University ,Australia
=248,Charles University,Czech Republic
=571,Chiang Mai University,Thailand
701-710,Chiba University,Japan
=534,China Agricultural University ,China (Mainland)
801-850,China University of Geosciences,China (Mainland)
781-790,China University of Mining and Technology,China (Mainland)
711-720,China University of Petroleum,China (Mainland)
1201-1400,China University of Political Science and Law,China (Mainland)
1201-1400,Chitkara University,India
1201-1400,Chittagong University of Engineering and Technology,Bangladesh
=561,Chongqing University,China (Mainland)
851-900,Chonnam National University,South Korea
=530,Christian-Albrechts-University zu Kiel,Germany
211,Chulalongkorn University,Thailand
1001-1200,Chung Yuan Christian University,Taiwan
=494,Chung-Ang University (CAU),South Korea
1001-1200,Chungbuk National University,South Korea
851-900,Chungnam National University,South Korea
70,City University of Hong Kong,Hong Kong SAR
=545,City University of New York,United States
=328,"City, University of London",United Kingdom
801-850,Clark University,United States
791-800,Clarkson University,United States
851-900,Clemson University,United States
1201-1400,Cleveland State University,United States
681-690,Colegio de México,Mexico
901-950,College of William and Mary,United States
=465,Colorado School of Mines,United States
409,Colorado State University,United States
23,Columbia University,United States
771-780,Comenius University Bratislava,Slovakia
=171,Complutense University of Madrid,Spain
=387,Concordia University,Canada
13,Cornell University,United States
1001-1200,Corvinus University of Budapest,Hungary
=571,Coventry University,United Kingdom
1001-1200,Cracow University of Technology (Politechnika Krakowska),Poland
1401+,Cukurova University,Turkey
183,Curtin University,Australia
=454,Czech Technical University in Prague,Czech Republic
701-710,Czech University of Life Sciences in Prague,Czech Republic
901-950,D. Serikbayev East Kazakhstan state technical university,Kazakhstan
307,Daegu Gyeongbuk Institute of Science and Technology (DGIST),South Korea
1201-1400,Daffodil International University,Bangladesh
298,Dalhousie University,Canada
=491,Dalian University of Technology,China (Mainland)
1201-1400,Damascus University,Syrian Arab Republic
1001-1200,Dankook University ,South Korea
=237,Dartmouth College,United States
681-690,De La Salle University,Philippines
801-850,De Montfort University,United Kingdom
=233,Deakin University,Australia
=47,Delft University of Technology,Netherlands
791-800,Diponegoro University,Indonesia
1201-1400,Dokuz Eylül Üniversitesi,Turkey
671-680,Dongguk University ,South Korea
901-950,Donghua University,China (Mainland)
1001-1200,Doshisha University,Japan
601-610,Drexel University,United States
=436,Dublin City University,Ireland
57,Duke University,United States
78,Durham University,United Kingdom
=514,Duy Tan University,Vietnam
1001-1200,EGE UNIVERSITY,Turkey
36,EPFL,Switzerland
7,ETH Zurich - Swiss Federal Institute of Technology,Switzerland
=511,East China Normal University,China (Mainland)
681-690,East China University of Science and Technology,China (Mainland)
1201-1400,East West University,Bangladesh
213,Eberhard Karls Universität Tübingen,Germany
=192,Ecole des Ponts ParisTech,France
801-850,Edinburgh Napier University,United Kingdom
529,Edith Cowan University ,Australia
=124,Eindhoven University of Technology,Netherlands
=199,Emory University,United States
=176,Erasmus University Rotterdam ,Netherlands
1201-1400,Erciyes Üniversitesi,Turkey
1001-1200,Escuela Politécnica Nacional,Ecuador
1001-1200,Escuela Superior Politécnica del Litoral (ESPOL),Ecuador
459,"Essex, University of",United Kingdom
=498,Ewha Womans University,South Korea
701-710,Eötvös Loránd University,Hungary
641-650,Far Eastern Federal University,Russia
1201-1400,Feng Chia University,Taiwan
1001-1200,Ferdowsi University of Mashhad,"Iran, Islamic Republic of"
1001-1200,Financial University under the Government of the Russian Federation,Russia
380,Flinders University,Australia
1201-1400,Florida Atlantic University - Boca Raton,United States
=556,Florida International University,United States
=461,Florida State University,United States
1001-1200,Fordham University ,United States
641-650,Free University of Bozen-Bolzano,Italy
98,Freie Universitaet Berlin,Germany
229,Friedrich-Alexander-Universität Erlangen-Nürnberg,Germany
1201-1400,Fu Jen Catholic University,Taiwan
50,Fudan University,China (Mainland)
1001-1200,Fundación CEU San Pablo,Spain
1201-1400,Fundación Universidad De Bogotá-Jorge Tadeo Lozano,Colombia
1001-1200,Future University in Egypt,Egypt
263,Gadjah Mada University,Indonesia
1001-1200,Gazi Üniversitesi,Turkey
851-900,Gdańsk University of Technology,Poland
1201-1400,Gebze Yüksek Teknoloji Enstitüsü (GYTE),Turkey
951-1000,George Mason University,United States
=340,George Washington University,United States
297,Georgetown University,United States
97,Georgia Institute of Technology,United States
851-900,Georgia State University,United States
1401+,Georgian Technical University,Georgia
1001-1200,German Jordanian University,Jordan
1201-1400,German University in Cairo,Egypt
=159,Ghent University,Belgium
951-1000,Gifu University,Japan
1001-1200,Glasgow Caledonian University,United Kingdom
=302,Goethe-University Frankfurt am Main,Germany
=593,"Goldsmiths, University of London",United Kingdom
=421,Graz University of Technology,Austria
243,Griffith University,Australia
851-900,Gulf University for Science and Technology,Kuwait
951-1000,Gunma University,Japan
1401+,Guru Gobind Singh Indraprastha University,India
=328,Gwangju Institute of Science and Technology (GIST),South Korea
399,HSE University,Russia
=575,HUFS - Hankuk (Korea) University of Foreign Studies ,South Korea
761-770,Hacettepe University ,Turkey
901-950,Hallym University ,South Korea
=310,Hamad Bin Khalifa University,Qatar
1201-1400,Hanoi University of Science and Technology,Vietnam
=164,Hanyang University,South Korea
1001-1200,Harbin Engineering University,China (Mainland)
=256,Harbin Institute of Technology,China (Mainland)
1001-1200,Harper Adams University,United Kingdom
4,Harvard University,United States
=551,Hasselt University ,Belgium
1201-1400,Helwan University ,Egypt
235,Heriot-Watt University,United Kingdom
472,Hiroshima University,Japan
=481,Hitotsubashi University,Japan
1201-1400,Hohai University,China (Mainland)
196,Hokkaido University,Japan
661-670,Holy Spirit University of Kaslik ,Lebanon
=295,Hong Kong Baptist University,Hong Kong SAR
1201-1400,Hongik University ,South Korea
1001-1200,Howard University,United States
851-900,Huazhong Agricultural University,China (Mainland)
275,Huazhong University of Science and Technology,China (Mainland)
1401+,Humboldt State University,United States
120,Humboldt-Universität zu Berlin,Germany
=494,Hunan University ,China (Mainland)
1001-1200,Hungarian University of Agriculture and Life Sciences,Hungary
428,IE University,Spain
=556,INTI International University,Malaysia
=489,IPB University (a.k.a. Bogor Agricultural University),Indonesia
751-760,ISCTE - Instituto Universitario de Lisboa,Portugal
1001-1200,"ITESO, Universidad Jesuita de Guadalajara",Mexico
=542,ITMO University,Russia
=469,Illinois Institute of Technology,United States
1401+,Illinois State University,United States
=595,Imam Abdulrahman Bin Faisal University (IAU) (formerly UNIVERSITY OF DAMMAM),Saudi Arabia
1001-1200,Imam Mohammad Ibn Saud Islamic University – IMSIU,Saudi Arabia
801-850,Immanuel Kant Baltic Federal University,Russia
6,Imperial College London,United Kingdom
225,Indian Institute of Science,India
=571,Indian Institute of Technology (BHU) Varanasi,India
731-740,Indian Institute of Technology Bhubaneswar,India
=149,Indian Institute of Technology Bombay (IITB),India
197,Indian Institute of Technology Delhi (IITD),India
=364,Indian Institute of Technology Guwahati (IITG),India
691-700,Indian Institute of Technology Hyderabad,India
=454,Indian Institute of Technology Indore (IIT Indore),India
=278,Indian Institute of Technology Kanpur (IITK),India
271,Indian Institute of Technology Kharagpur (IIT-KGP),India
=285,Indian Institute of Technology Madras (IITM),India
=369,Indian Institute of Technology Roorkee (IITR),India
1401+,Indian Statistical Institute,India
1201-1400,Indiana State University,United States
=313,Indiana University Bloomington,United States
951-1000,Indiana University–Purdue University Indianapolis,United States
691-700,Inha University,South Korea
=392,Institut National des Sciences Appliquées de Lyon (INSA),France
=38,Institut Polytechnique de Paris,France
621-630,Institut Teknologi Sepuluh Nopember (ITS Surabaya),Indonesia
741-750,Instituto Politécnico Nacional (IPN),Mexico
651-660,Instituto Tecnológico Autónomo de México (ITAM),Mexico
791-800,Instituto Tecnológico de Buenos Aires (ITBA),Argentina
1001-1200,Instituto Tecnológico de Santo Domingo (INTEC),Dominican Republic
1001-1200,International Christian University,Japan
1201-1400,International Islamic University Islamabad (IIU),Pakistan
711-720,International Islamic University Malaysia (IIUM),Malaysia
1401+,"International University of Business, Agriculture and Technology (IUBAT)",Bangladesh
=400,Iowa State University,United States
451,Iran University of Science and Technology,"Iran, Islamic Republic of"
1401+,Irkutsk State University,Russia
951-1000,Islamic University of Madinah,Saudi Arabia
1201-1400,Istanbul Aydin University  ,Turkey
1201-1400,Istanbul Bilgi Üniversitesi,Turkey
=404,Istanbul Technical University,Turkey
711-720,Istanbul University,Turkey
1201-1400,Ivan Franko National University of Lviv,Ukraine
801-850,Ivane Javakhishvili Tbilisi State University,Georgia
1201-1400,Izmir Institute of Technology (IZTECH),Turkey
741-750,Jadavpur University,India
=304,Jagiellonian University,Poland
1201-1400,Jahangirnagar University,Bangladesh
=415,James Cook University,Australia
1201-1400,Jamia Hamdard,India
951-1000,Jamia Millia Islamia,India
601-610,Jawaharlal Nehru University,India
1201-1400,Jeju National University ,South Korea
721-730,Jeonbuk National University,South Korea
1001-1200,Jiangnan University,China (Mainland)
=502,Jilin University,China (Mainland)
631-640,Jinan University (China),China (Mainland)
464,Johannes Gutenberg Universität Mainz,Germany
=446,Johannes Kepler University Linz,Austria
28,Johns Hopkins University,United States
731-740,Jordan University of Science & Technology,Jordan
801-850,Jouf University,Saudi Arabia
440,Julius-Maximilians-Universität Würzburg,Germany
=396,Justus-Liebig-University Giessen,Germany
56,KAIST - Korea Advanced Institute of Science & Technology,South Korea
119,"KIT, Karlsruhe Institute of Technology",Germany
=73,KTH Royal Institute of Technology ,Sweden
61,KU Leuven,Belgium
1001-1200,Kagoshima University,Japan
851-900,Kanazawa University,Japan
1001-1200,Kangwon National University ,South Korea
851-900,Kansas State University ,United States
851-900,Karaganda Buketov University,Kazakhstan
801-850,Karaganda State Technical University,Kazakhstan
661-670,Karl-Franzens-Universitaet Graz,Austria
751-760,Kasetsart University,Thailand
801-850,Kaunas University of Technology,Lithuania
1001-1200,Kazakh Ablai Khan University of International Relations and World Languages,Kazakhstan
641-650,Kazakh National Agrarian University KazNAU,Kazakhstan
1001-1200,Kazakh-British Technical University,Kazakhstan
=396,Kazan (Volga region) Federal University,Russia
1001-1200,Kazan National Research Technological University,Russia
781-790,Keele University ,United Kingdom
214,Keio University,Japan
1001-1200,Kent State University,United States
1201-1400,Kenyatta University,Kenya
=230,Khalifa University of Science and Technology,United Arab Emirates
1201-1400,Kharkiv National University of Radio Electronics ,Ukraine
781-790,Khoja Akhmet Yassawi International Kazakh-Turkish University,Kazakhstan
951-1000,Khon Kaen University,Thailand
1401+,Khulna University,Bangladesh
1201-1400,Khulna University of Engineering and Technology,Bangladesh
1201-1400,Kindai University (Kinki University),Japan
=143,King Abdulaziz University (KAU),Saudi Arabia
=180,King Fahd University of Petroleum & Minerals,Saudi Arabia
851-900,King Faisal University,Saudi Arabia
761-770,King Khalid University,Saudi Arabia
1201-1400,King Mongkut's University of Technology North Bangkok,Thailand
951-1000,King Mongkut's University of Technology Thonburi ,Thailand
1201-1400,King Mongkut\'s Institute of Technology Ladkrabang,Thailand
=203,King Saud University,Saudi Arabia
40,King's College London,United Kingdom
601-610,"Kingston University, London",United Kingdom
=476,Kobe University,Japan
801-850,Konkuk University ,South Korea
1001-1200,Kookmin University ,South Korea
79,Korea University,South Korea
1201-1400,Korkyt Ata Kyzylorda University,Kazakhstan
=431,Koç University,Turkey
901-950,Kumamoto University,Japan
851-900,Kuwait University,Kuwait
1401+,Kwame Nkrumah University of Science and Technology,Ghana
1201-1400,Kwansei Gakuin University,Japan
1001-1200,Kyoto Institute of Technology,Japan
46,Kyoto University,Japan
851-900,Kyrgyz-Turkish Manas University,Kyrgyzstan
=332,Kyung Hee University,South Korea
=520,Kyungpook National University,South Korea
1001-1200,Kyushu Institute of Technology ,Japan
=164,Kyushu University,Japan
=355,L.N. Gumilyov Eurasian National University (ENU),Kazakhstan
242,La Trobe University,Australia
=540,Lahore University of Management Sciences (LUMS),Pakistan
122,Lancaster University,United Kingdom
791-800,Lanzhou University,China (Mainland)
=351,Lappeenranta-Lahti University of Technology LUT,Finland
661-670,Lebanese American University,Lebanon
=577,Lebanese University,Lebanon
1001-1200,Leeds Beckett University,United Kingdom
=548,Lehigh University,United States
=481,Leibniz University Hannover,Germany
=126,Leiden University,Netherlands
=362,Lincoln University ,New Zealand
641-650,"Lingnan University, Hong Kong",Hong Kong SAR
=268,Linköping University,Sweden
751-760,Liverpool John Moores University,United Kingdom
1001-1200,Lobachevsky University,Russia
1001-1200,Lodz University of Technology,Poland
=87,Lomonosov Moscow State University,Russia
901-950,London Metropolitan University,United Kingdom
851-900,London South Bank University,United Kingdom
212,Loughborough University,United Kingdom
801-850,Louisiana State University,United States
901-950,Loyola University Chicago,United States
1201-1400,Lucian Blaga University of Sibiu,Romania
54,Ludwig-Maximilians-Universität München,Germany
=85,Lund University,Sweden
951-1000,Lviv Polytechnic National University,Ukraine
1201-1400,M.Kh. Dulaty Taraz Regional University,Kazakhstan
=526,MGIMO University,Russia
1401+,MIREA - Russian Technological University,Russia
=256,Maastricht University ,Netherlands
=505,Macau University of Science and Technology,Macau SAR
=130,Macquarie University,Australia
=382,Mahidol University,Thailand
951-1000,Makerere University,Uganda
621-630,Management and Science University,Malaysia
=590,Manchester Metropolitan University (MMU),United Kingdom
951-1000,"Manipal Academy of Higher Education, Manipal, Karnataka, India",India
1001-1200,Mansoura University,Egypt
1201-1400,Marmara University,Turkey
1201-1400,Marquette University,United States
611-620,Martin-Luther-Universität Halle-Wittenberg,Germany
=400,Masaryk University,Czech Republic
1,Massachusetts Institute of Technology (MIT) ,United States
=239,Massey University,New Zealand
801-850,Maynooth University,Ireland
30,McGill University,Canada
=189,McMaster University,Canada
1001-1200,Meiji University,Japan
641-650,Memorial University of Newfoundland,Canada
901-950,Mendel University in Brno,Czech Republic
1201-1400,Mendeleev University of Chemical Technology,Russia
1201-1400,Miami University,United States
136,Michigan State University,United States
851-900,Michigan Technological University,United States
=336,Middle East Technical University,Turkey
661-670,Middlesex University,United Kingdom
1001-1200,Mississippi State University,United States
480,Missouri University of Science and Technology,United States
42,Monash University,Australia
1401+,Moscow City University,Russia
=415,Moscow Institute of Physics and Technology (MIPT / Moscow Phystech),Russia
1201-1400,Moscow Pedagogical State University,Russia
1001-1200,Multimedia University (MMU),Malaysia
=431,Murdoch University,Australia
1001-1200,Mustansiriyah University,Iraq
1001-1200,Mutah University,Jordan
1001-1200,Mykolas Romeris University,Lithuania
951-1000,NJSC KIMEP University,Kazakhstan
801-850,Nagasaki University,Japan
1201-1400,Nagoya Institute of Technology (NIT),Japan
=176,Nagoya University,Japan
781-790,Nanjing Agricultural University,China (Mainland)
1001-1200,Nanjing Normal University,China (Mainland)
=141,Nanjing University,China (Mainland)
801-850,Nanjing University of Aeronautics and Astronautics,China (Mainland)
=600,Nanjing University of Science and Technology,China (Mainland)
=384,Nankai University,China (Mainland)
=26,"Nanyang Technological University, Singapore (NTU)",Singapore
1401+,Nara Institute of Science and Technology,Japan
1201-1400,Naresuan University,Thailand
1201-1400,Narxoz University,Kazakhstan
611-620,National Central University,Taiwan
228,National Cheng Kung University (NCKU),Taiwan
=567,National Chengchi University,Taiwan
901-950,National Chung Cheng University,Taiwan
661-670,National Chung Hsing University,Taiwan
1201-1400,National Dong Hwa University,Taiwan
781-790,National Institute of Technology Tiruchirappalli,India
=461,National Research Nuclear University MEPhI (Moscow Engineering Physics Institute),Russia
851-900,National Research Saratov State University,Russia
=586,National Research Tomsk Polytechnic University,Russia
1201-1400,National Research University Moscow Power Engineering Institute (MPEI),Russia
=505,National Sun Yat-sen University,Taiwan
1201-1400,National Taipei University,Taiwan
=431,National Taipei University of Technology,Taiwan
=431,National Taiwan Normal University,Taiwan
1201-1400,National Taiwan Ocean University,Taiwan
69,National Taiwan University (NTU),Taiwan
=387,National Taiwan University of Science and Technology (Taiwan Tech),Taiwan
901-950,"National Technical University ""Kharkiv Polytechnic Institute""",Ukraine
=347,National Technical University of Athens,Greece
731-740,"National Technical University of Ukraine ""Igor Sikorsky Kyiv Polytechnic Institute""",Ukraine
=233,National Tsing Hua University,Taiwan
1001-1200,National University of Kyiv-Mohyla Academy (NaUKMA),Ukraine
1201-1400,National University of Life and Environmental Sciences of Ukraine,Ukraine
1201-1400,"National University of Modern Languages (NUML), Islamabad",Pakistan
367,National University of Sciences And Technology (NUST) Islamabad,Pakistan
8,National University of Singapore (NUS),Singapore
217,National Yang Ming Chiao Tung University,Taiwan
=444,National and Kapodistrian University of Athens,Greece
641-650,New Jersey Institute of Technology (NJIT),United States
=38,New York University (NYU),United States
110,Newcastle University,United Kingdom
901-950,Nicolaus Copernicus University ,Poland
851-900,Niigata University,Japan
274,North Carolina State University,United States
851-900,North South University,Bangladesh
801-850,North-West University,South Africa
=375,Northeastern University,United States
1001-1200,Northern Arizona University,United States
901-950,Northern Borders University,Saudi Arabia
=548,Northumbria University at Newcastle,United Kingdom
951-1000,Northwest Agriculture and Forestry University,China (Mainland)
1001-1200,Northwest University (China),China (Mainland)
621-630,Northwestern Polytechnical University,China (Mainland)
=47,Northwestern University,United States
1201-1400,Norwegian University of Life Sciences (UMB),Norway
=292,Norwegian University of Science And Technology,Norway
901-950,Notre Dame University-Louaize NDU,Lebanon
=595,Nottingham Trent University,United Kingdom
1201-1400,Nova Southeastern University,United States
1001-1200,Novosibirsk State Technical University,Russia
=421,Novosibirsk State University,Russia
951-1000,O.P. Jindal Global University,India
1201-1400,OSMANIA UNIVERSITY,India
901-950,Ocean University of China,China (Mainland)
1001-1200,Odessa I.I. Mechnikov National University,Ukraine
1001-1200,Ohio University,United States
901-950,Okayama University,Japan
851-900,Oklahoma State University ,United States
=505,Oregon State University,United States
80,Osaka University,Japan
=413,Oxford Brookes University,United Kingdom
641-650,Pakistan Institute of Engineering and Applied Sciences (PIEAS),Pakistan
631-640,Palacký University Olomouc,Czech Republic
1001-1200,Panjab University,India
681-690,Paris Lodron University of Salzburg,Austria
1001-1200,Paul Valéry University Montpellier,France
851-900,Pavol Jozef Šafárik University in Košice,Slovakia
=17,Peking University,China (Mainland)
83,Pennsylvania State University,United States
1201-1400,Perm State National Research University,Russia
=534,Peter the Great St. Petersburg Polytechnic University,Russia
761-770,Philipps-Universität Marburg ,Germany
791-800,Plekhanov Russian University of Economics,Russia
=100,Pohang University of Science And Technology (POSTECH),South Korea
=556,Politecnico di Bari,Italy
123,Politecnico di Milano,Italy
252,Politecnico di Torino,Italy
1201-1400,Pondicherry University,India
1201-1400,Pontificia Universidad Catolica Madre y Maestra,Dominican Republic
=514,Pontificia Universidad Católica Argentina,Argentina
103,Pontificia Universidad Católica de Chile (UC),Chile
681-690,Pontificia Universidad Católica de Valparaíso,Chile
901-950,Pontificia Universidad Católica del Ecuador (PUCE),Ecuador
=336,Pontificia Universidad Católica del Perú,Peru
=347,Pontificia Universidad Javeriana,Colombia
1401+,Pontificia Universidade Católica do Campinas - PUC Campinas,Brazil
1401+,Pontificia Universidade Católica do Minas Gerais - PUC Minas,Brazil
1001-1200,Pontifícia Universidade Católica de São Paulo,Brazil
1401+,Pontifícia Universidade Católica do Paraná,Brazil
1201-1400,Pontifícia Universidade Católica do Rio Grande do Sul (PUCRS),Brazil
=595,Pontifícia Universidade Católica do Rio de Janeiro,Brazil
1201-1400,Portland State University,United States
801-850,Poznan University of Life Sciences,Poland
1001-1200,Poznań University of Technology,Poland
=590,Prince Mohammad Bin Fahd university,Saudi Arabia
901-950,Prince of Songkla University,Thailand
661-670,Princess Nourah bint Abdulrahman University,Saudi Arabia
901-950,Princess Sumaya University for Technology,Jordan
=17,Princeton University,United States
1201-1400,Pukyong National University ,South Korea
99,Purdue University,United States
611-620,Pusan National University,South Korea
901-950,Qassim University,Saudi Arabia
=173,Qatar University,Qatar
=315,Quaid-i-Azam University,Pakistan
851-900,"Queen Margaret University , Edinburgh",United Kingdom
=145,Queen Mary University of London,United Kingdom
202,Queen's University Belfast,United Kingdom
209,Queen's University at Kingston,Canada
=189,Queensland University of Technology (QUT),Australia
140,RMIT University,Australia
342,RUDN University,Russia
106,RWTH Aachen University,Germany
=222,Radboud University ,Netherlands
1401+,Rajshahi University,Bangladesh
=556,Renmin (People's) University of China,China (Mainland)
=494,Rensselaer Polytechnic Institute,United States
=239,Rheinische Friedrich-Wilhelms-Universität Bonn,Germany
901-950,Rhodes University ,South Africa
=145,Rice University,United States
901-950,Riga Stradins University,Latvia
751-760,Riga Technical University,Latvia
1201-1400,Rikkyo University,Japan
801-850,Ritsumeikan Asia Pacific University,Japan
631-640,Ritsumeikan University,Japan
901-950,Robert Gordon University,United Kingdom
1001-1200,Rochester Institute of Technology (RIT),United States
=413,Royal Holloway University of London,United Kingdom
=375,Ruhr-Universität Bochum,Germany
=87,Ruprecht-Karls-Universität Heidelberg,Germany
1001-1200,Russian Presidential Academy of National Economy and Public Administration,Russia
1201-1400,Russian State Agrarian University - Moscow Timiryazev Agricultural Academy,Russia
1201-1400,Russian State University for the Humanities ,Russia
299,Rutgers University–New Brunswick,United States
771-780,Rutgers University–Newark,United States
1201-1400,"Rutgers, The State University of New Jersey, Camden",United States
851-900,Ryerson University,Canada
901-950,S.D. Asfendiyarov Kazakh National Medical University,Kazakhstan
=511,SOAS University of London ,United Kingdom
1201-1400,SRM INSTITUTE OF SCIENCE AND TECHNOLOGY,India
=526,Sabanci University,Turkey
631-640,Saint Joseph University of Beirut (USJ) ,Lebanon
951-1000,Saint Petersburg Electrotechnical University ETU-LETI,Russia
=315,Saint Petersburg State University,Russia
1001-1200,Saint-Petersburg Mining University,Russia
1201-1400,Saitama University,Japan
1401+,Sakarya University,Turkey
1201-1400,Saken Seifullin Kazakh Agrotechnical University,Kazakhstan
901-950,Samara National Research University (Samara University),Russia
1001-1200,San Diego State University,United States
1201-1400,San Francisco State University,United States
=134,Sapienza University of Rome,Italy
=481,Satbayev University,Kazakhstan
1001-1200,Sathyabama Institute of Science and Technology (deemed to be university),India
711-720,Savitribai Phule Pune University,India
=319,Sciences Po ,France
1201-1400,Seattle University,United States
771-780,Sechenov University,Russia
=436,Sejong University ,South Korea
41,Seoul National University,South Korea
1001-1200,Seoul National University of Science and Technology,South Korea
951-1000,Shahid Beheshti University (SBU),"Iran, Islamic Republic of"
1401+,Shahjalal University of Science and Technology,Bangladesh
=360,Shandong University,China (Mainland)
1001-1200,Shanghai International Studies University,China (Mainland)
51,Shanghai Jiao Tong University,China (Mainland)
1201-1400,Shanghai Normal University,China (Mainland)
=514,Shanghai University,China (Mainland)
1201-1400,Shanghai University of Finance and Economics,China (Mainland)
334,Sharif University of Technology,"Iran, Islamic Republic of"
1001-1200,Sheffield Hallam University,United Kingdom
=595,Shenzhen University,China (Mainland)
1201-1400,Shibaura Institute of Technology,Japan
1001-1200,Shinshu University ,Japan
681-690,Shiraz University,"Iran, Islamic Republic of"
771-780,Shoolini University of Biotechnology and Management Sciences,India
1001-1200,"Siberian Federal University, SibFU",Russia
=355,Sichuan University,China (Mainland)
1201-1400,Siksha 'O' Anusandhan (Deemed to be University),India
1001-1200,Silesian University of Technology,Poland
1201-1400,Silpakorn University,Thailand
318,Simon Fraser University,Canada
=545,Singapore Management University,Singapore
=429,Singapore University of Technology and Design,Singapore
1001-1200,Slovak University of Technology in Bratislava,Slovakia
741-750,"Sofia University ""St. Kliment Ohridski""",Bulgaria
=509,Sogang University,South Korea
681-690,Soochow University,China (Mainland)
1401+,Soochow University (Taiwan),Taiwan
1201-1400,Sookmyung Women's University ,South Korea
1001-1200,Soonchunhyang University,South Korea
1201-1400,Soongsil University,South Korea
901-950,Sophia University ,Japan
59,Sorbonne University,France
=392,South China University of Technology,China (Mainland)
951-1000,South Ural State University (National Research University),Russia
=454,Southeast University,China (Mainland)
651-660,Southern Cross University ,Australia
851-900,Southern Federal University,Russia
1001-1200,Southern Methodist University,United States
301,Southern University of Science and Technology,China (Mainland)
1001-1200,Southwest University,China (Mainland)
901-950,St. Louis University,United States
1401+,Stamford University Bangladesh,Bangladesh
5,Stanford University,United States
1401+,State University of Malang,Indonesia
1201-1400,Stefan cel Mare University of Suceava,Romania
283,Stellenbosch University,South Africa
621-630,Stevens Institute of Technology,United States
118,Stockholm University,Sweden
Sultan Qaboos University,"Stony Brook University, State University of New York",United States
1401+,Sudan University of Science and Technology,Sudan
1201-1400,Suez Canal University,Egypt
1201-1400,Suleyman Demirel University,Turkey
1201-1400,"Suleyman Demirel University, Kazakhstan",Kazakhstan
=454,Sultan Qaboos University,Oman
951-1000,Sumy State University,Ukraine
=323,Sun Yat-sen University,China (Mainland)
=145,Sungkyunkwan University(SKKU),South Korea
901-950,Sungshin Women's University,South Korea
=586,Sunway University,Malaysia
1201-1400,Suranaree University of Technology ,Thailand
=307,Swansea University,United Kingdom
741-750,Swarthmore College,United States
=285,Swinburne University of Technology,Australia
781-790,Syracuse University,United States
1001-1200,Széchenyi István University,Hungary
851-900,TU Dortmund University,Germany
1001-1200,Taibah University,Saudi Arabia
=577,Taipei Medical University (TMU),Taiwan
1001-1200,Tallinn University ,Estonia
651-660,Tallinn University of Technology (TalTech),Estonia
1201-1400,Tamkang University,Taiwan
=436,Tampere University,Finland
1201-1400,Tanta University ,Egypt
681-690,Taras Shevchenko National University of Kyiv,Ukraine
284,Taylor's University,Malaysia
1201-1400,Technical University of Cluj-Napoca,Romania
1401+,Technical University of Crete,Greece
=246,Technical University of Darmstadt,Germany
121,Technical University of Denmark,Denmark
1001-1200,Technical University of Kosice,Slovakia
1001-1200,Technical University of Liberec,Czech Republic
1201-1400,Technical University of Lublin,Poland
37,Technical University of Munich,Germany
=392,Technion - Israel Institute of Technology,Israel
1401+,Technische Universität Bergakademie Freiberg,Germany
=154,Technische Universität Berlin (TU Berlin),Germany
751-760,Technische Universität Braunschweig,Germany
=246,Technische Universität Dresden,Germany
1401+,Technische Universität Hamburg-Harburg,Germany
1401+,Technische Universität Kaiserslautern,Germany
=184,Technische Universität Wien,Austria
851-900,Technological University Dublin,Ireland
951-1000,Tecnológico de Costa Rica -TEC,Costa Rica
=184,Tecnológico de Monterrey,Mexico
215,Tel Aviv University,Israel
1001-1200,Telkom University,Indonesia
721-730,Temple University,United States
=134,Texas A&M University,United States
801-850,Texas Tech University,United States
=600,Thammasat University,Thailand
951-1000,Thapar Institute of Engineering & Technology,India
1201-1400,"The ""Gheorghe Asachi"" Technical University of Iasi",Romania
=415,The American University in Cairo,Egypt
=34,The Australian National University,Australia
781-790,The Catholic University of Korea ,South Korea
=47,The Chinese University of Hong Kong (CUHK),Hong Kong SAR
1201-1400,The Hashemite University,Jordan
251,The Hebrew University of Jerusalem,Israel
1201-1400,The Herzen State Pedagogical University of Russia,Russia
=65,The Hong Kong Polytechnic University,Hong Kong SAR
60,The Hong Kong University of Science and Technology,Hong Kong SAR
1201-1400,The Josip Juraj Strossmayer University of Osijek,Croatia
45,The London School of Economics and Political Science (LSE),United Kingdom
1201-1400,"The National Research University ""Belgorod State University""",Russia
681-690,The National University of Science and Technology MISIS,Russia
641-650,The New School,United States
=151,The Ohio State University,United States
89,The University of Adelaide,Australia
951-1000,The University of Alabama,United States
=285,The University of Arizona,United States
68,The University of Auckland,New Zealand
22,The University of Edinburgh,United Kingdom
153,The University of Exeter,United Kingdom
=514,The University of Georgia,United States
=26,The University of Hong Kong,Hong Kong SAR
1001-1200,The University of Lahore,Pakistan
32,The University of Manchester,United Kingdom
14,The University of Melbourne,Australia
=19,The University of New South Wales (UNSW Sydney),Australia
=173,"The University of Newcastle, Australia (UON)",Australia
1001-1200,The University of Northampton,United Kingdom
1401+,"The University of Notre Dame, Australia",Australia
43,The University of Queensland,Australia
104,The University of Sheffield,United Kingdom
=19,The University of Sydney,Australia
=446,"The University of Tennessee, Knoxville",United States
1001-1200,The University of Texas at Arlington,United States
28,The University of Tokyo,Japan
67,The University of Warwick,United Kingdom
72,The University of Western Australia,Australia
=285,Tianjin University,China (Mainland)
=371,Tilburg University,Netherlands
113,Tohoku University,Japan
1001-1200,Tokai University,Japan
1001-1200,Tokushima University,Japan
=91,Tokyo Institute of Technology (Tokyo Tech),Japan
611-620,Tokyo Medical and Dental University (TMDU),Japan
951-1000,Tokyo Metropolitan University,Japan
801-850,Tokyo University of Agriculture and Technology ,Japan
661-670,Tokyo University of Science,Japan
1001-1200,Tomas Bata University in Zlin,Czech Republic
418,Tomsk State University,Russia
721-730,Ton Duc Thang University,Vietnam
216,Tongji University,China (Mainland)
1201-1400,Toraighyrov University,Kazakhstan
=446,Toyota Technological Institute in Japan,Japan
1201-1400,Transilvania University of Brasov,Romania
=81,"Trinity College Dublin, The University of Dublin",Ireland
25,Tsinghua University,China (Mainland)
379,Tufts University,United States
=600,Tulane University,United States
1201-1400,Tunghai University,Taiwan
9,UCL,United Kingdom
300,UCSI University,Malaysia
=419,UNESP,Brazil
1401+,UNIVERSIDAD POLITECNICA SALESIANA,Ecuador
951-1000,UNIVERSITY OF GDANSK,Poland
=328,USI - Università della Svizzera italiana,Switzerland
1401+,Udayana University,Indonesia
1001-1200,Ufa State Aviation Technical University ,Russia
=266,Ulsan National Institute of Science and Technology (UNIST),South Korea
=498,Ulster University,United Kingdom
=465,Umea University,Sweden
601-610,Umm Al-Qura University ,Saudi Arabia
290,United Arab Emirates University,United Arab Emirates
1201-1400,United International University,Bangladesh
=567,Universidad Adolfo Ibáñez,Chile
1201-1400,Universidad Alberto Hurtado,Chile
1001-1200,Universidad Andrés Bello,Chile
771-780,Universidad Anáhuac México,Mexico
=520,Universidad Austral,Argentina
1001-1200,Universidad Austral de Chile,Chile
1401+,Universidad Autonoma de Yucatan,Mexico
1001-1200,Universidad Autónoma Chapingo,Mexico
901-950,Universidad Autónoma Metropolitana (UAM),Mexico
1201-1400,Universidad Autónoma de Aguascalientes,Mexico
1201-1400,Universidad Autónoma de Baja California,Mexico
1401+,Universidad Autónoma de Chile,Chile
1001-1200,Universidad Autónoma de Guadalajara (UAG),Mexico
=199,Universidad Autónoma de Madrid,Spain
1001-1200,Universidad Autónoma de Nuevo León,Mexico
1401+,Universidad Autónoma de Querétaro (UAQ),Mexico
1401+,Universidad Autónoma de San Luis de Potosí,Mexico
1001-1200,Universidad Autónoma del Estado de Hidalgo (UAEH),Mexico
1401+,Universidad Autónoma del Estado de Morelos (UAEM),Mexico
1001-1200,Universidad Autónoma del Estado de México (UAEMex),Mexico
1201-1400,Universidad Bernardo O'Higgins,Chile
=319,Universidad Carlos III de Madrid (UC3M),Spain
=582,Universidad Católica Andres Bello,Venezuela
1401+,"Universidad Católica Boliviana ""San Pablo""",Bolivia
1401+,Universidad Católica de Colombia ,Colombia
1401+,Universidad Católica de La Santísima Concepción - UCSC,Chile
1401+,Universidad Católica de Santiago de Guayaquil,Ecuador
1201-1400,Universidad Católica de Temuco,Chile
1201-1400,Universidad Católica del Norte,Chile
851-900,Universidad Católica del Uruguay (UCU),Uruguay
851-900,"Universidad Central ""Marta Abreu"" de Las Villas",Cuba
1401+,Universidad Central de Chile,Chile
631-640,Universidad Central de Venezuela,Venezuela
1201-1400,Universidad Central del Ecuador,Ecuador
951-1000,Universidad Diego Portales (UDP),Chile
731-740,Universidad EAFIT,Colombia
751-760,Universidad Externado de Colombia ,Colombia
901-950,Universidad ICESI,Colombia
691-700,Universidad Iberoamericana IBERO,Mexico
1001-1200,Universidad Industrial de Santander - UIS,Colombia
1001-1200,Universidad La Salle (ULSA),Mexico
1201-1400,Universidad Mayor de San Andrés (UMSA),Bolivia
1401+,Universidad Mayor de San Simón Cochabamba,Bolivia
1001-1200,Universidad Metropolitana,Venezuela
1401+,Universidad Michoacana de San Nicolás de Hidalgo,Mexico
1201-1400,Universidad Nacional Agraria la Molina,Peru
1401+,Universidad Nacional Autónoma de Honduras (UNAH),Honduras
=93,Universidad Nacional Autónoma de México (UNAM),Mexico
901-950,Universidad Nacional Mayor de San Marcos,Peru
=226,Universidad Nacional de Colombia,Colombia
1001-1200,Universidad Nacional de Cuyo,Argentina
951-1000,Universidad Nacional de Córdoba - UNC,Argentina
951-1000,Universidad Nacional de Ingeniería Peru,Peru
=540,Universidad Nacional de La Plata (UNLP),Argentina
1201-1400,Universidad Nacional de Mar del Plata,Argentina
1401+,Universidad Nacional de Quilmes,Argentina
951-1000,Universidad Nacional de Rosario (UNR),Argentina
1201-1400,Universidad Nacional de Río Cuarto - UNRC,Argentina
1001-1200,Universidad Nacional de San Luis,Argentina
1201-1400,Universidad Nacional de San Martín (UNSAM),Argentina
1401+,Universidad Nacional de Tucumán,Argentina
1001-1200,Universidad Nacional de la Asunción,Paraguay
1001-1200,Universidad Nacional del Centro de la Provincia de Buenos Aires (UNICEN),Argentina
1201-1400,Universidad Nacional del Comahue,Argentina
1201-1400,Universidad Nacional del Litoral,Argentina
1401+,Universidad Nacional del Sur,Argentina
1001-1200,"Universidad Nacional, Costa Rica",Costa Rica
771-780,Universidad ORT Uruguay,Uruguay
661-670,Universidad Panamericana (UP),Mexico
951-1000,Universidad Peruana Cayetano Heredia (UPCH),Peru
1001-1200,Universidad Peruana de Ciencias Aplicadas,Peru
=349,Universidad Politécnica de Madrid (UPM),Spain
801-850,Universidad Pontificia Bolivariana ,Colombia
=582,Universidad Pontificia Comillas,Spain
1201-1400,Universidad Popular Autónoma del Estado de Puebla (UPAEP),Mexico
951-1000,Universidad Rey Juan Carlos,Spain
801-850,Universidad San Francisco de Quito (USFQ),Ecuador
1201-1400,Universidad San Ignacio de Loyola,Peru
951-1000,Universidad Simón Bolívar (USB),Venezuela
1401+,Universidad Tecnica Particular De Loja (UTPL),Ecuador
1001-1200,Universidad Tecnológica Nacional (UTN),Argentina
1401+,Universidad Tecnológica de Bolívar,Colombia
951-1000,Universidad Tecnológica de Panamá (UTP),Panama
1401+,Universidad Tecnológica de Pereira,Colombia
1201-1400,"Universidad Tecnológica de la Habana José Antonio Echeverría, Cujae",Cuba
851-900,Universidad Torcuato Di Tella,Argentina
801-850,Universidad Técnica Federico Santa María (USM),Chile
1201-1400,Universidad Veracruzana,Mexico
=538,Universidad de Alcalá,Spain
701-710,Universidad de Antioquia,Colombia
761-770,Universidad de Belgrano,Argentina
=95,Universidad de Buenos Aires (UBA),Argentina
1401+,Universidad de Caldas,Colombia
1201-1400,Universidad de Carabobo,Venezuela
1201-1400,Universidad de Cartagena,Colombia
951-1000,Universidad de Castilla-La Mancha,Spain
=159,Universidad de Chile,Chile
601-610,Universidad de Concepción,Chile
544,Universidad de Costa Rica,Costa Rica
1401+,Universidad de Cuenca,Ecuador
1201-1400,Universidad de Córdoba - Colombia,Colombia
1001-1200,Universidad de Córdoba - España,Spain
851-900,Universidad de Guadalajara (UDG),Mexico
1201-1400,Universidad de Guanajuato,Mexico
1201-1400,Universidad de La Frontera (UFRO),Chile
641-650,Universidad de La Habana,Cuba
791-800,Universidad de La Sabana,Colombia
1401+,Universidad de La Salle,Colombia
1401+,Universidad de La Serena,Chile
1201-1400,Universidad de Las Américas (UDLA) Ecuador,Ecuador
1001-1200,Universidad de León,Spain
1001-1200,Universidad de Lima,Peru
1001-1200,Universidad de Los Andes - (ULA) Mérida,Venezuela
1201-1400,Universidad de Medellín,Colombia
1001-1200,Universidad de Monterrey (UDEM),Mexico
651-660,Universidad de Montevideo (UM),Uruguay
1001-1200,Universidad de Oriente Santiago de Cuba,Cuba
1001-1200,Universidad de Oviedo,Spain
=530,Universidad de Palermo (UP),Argentina
1201-1400,Universidad de Panama,Panama
1201-1400,Universidad de Piura,Peru
1001-1200,Universidad de Puerto Rico,Puerto Rico
801-850,Universidad de San Andrés - UdeSA,Argentina
1201-1400,Universidad de San Carlos de Guatemala - USAC,Guatemala
1401+,Universidad de Santander - UDES,Colombia
=410,Universidad de Santiago de Chile (USACH),Chile
=494,Universidad de Sevilla,Spain
1401+,Universidad de Sonora,Mexico
1001-1200,Universidad de Talca,Chile
1401+,Universidad de Tarapaca,Chile
951-1000,Universidad de Valladolid,Spain
1201-1400,Universidad de Valparaíso (UV),Chile
=523,Universidad de Zaragoza,Spain
801-850,Universidad de la República (Udelar),Uruguay
951-1000,Universidad de las Américas Puebla (UDLAP),Mexico
1201-1400,Universidad de las Fuerzas Armadas ESPE (Ex - Escuela Politécnica del Ejército),Ecuador
198,Universidad de los Andes,Colombia
951-1000,Universidad de los Andes - Chile,Chile
1201-1400,Universidad del Bío-Bío,Chile
1201-1400,Universidad del Cauca,Colombia
1201-1400,Universidad del Desarrollo (UDD),Chile
1401+,Universidad del Magdalena,Colombia
1001-1200,Universidad del Norte ,Colombia
1001-1200,Universidad del Pacífico,Peru
711-720,Universidad del Rosario,Colombia
1201-1400,Universidad del Salvador,Argentina
1001-1200,Universidad del Valle,Colombia
1401+,Universidad del Valle de Mexico (UVM),Mexico
1201-1400,Universidad del Zulia,Venezuela
901-950,Universidade Católica Portuguesa - UCP,Portugal
=220,Universidade Estadual de Campinas (Unicamp),Brazil
1401+,Universidade Estadual de Londrina,Brazil
1201-1400,Universidade Federal Fluminense ,Brazil
1201-1400,Universidade Federal da Bahia,Brazil
1401+,Universidade Federal da Paraíba,Brazil
1401+,Universidade Federal de Goiás,Brazil
1201-1400,Universidade Federal de Juiz de Fora- (UFJF),Brazil
691-700,Universidade Federal de Minas Gerais      ,Brazil
1201-1400,Universidade Federal de Pelotas ,Brazil
1001-1200,Universidade Federal de Pernambuco (UFPE) ,Brazil
801-850,Universidade Federal de Santa Catarina ,Brazil
1201-1400,Universidade Federal de Santa Maria,Brazil
1001-1200,Universidade Federal de São Carlos (UFSCar),Brazil
731-740,Universidade Federal de São Paulo,Brazil
1401+,Universidade Federal de Uberlândia,Brazil
1201-1400,Universidade Federal de Viçosa (UFV),Brazil
1201-1400,Universidade Federal do Ceará (UFC),Brazil
1401+,Universidade Federal do Estado do Rio de Janeiro - UNIRIO,Brazil
1001-1200,Universidade Federal do Paraná - UFPR,Brazil
1401+,Universidade Federal do Parà - UFPA,Brazil
1401+,Universidade Federal do Rio Grande Do Norte,Brazil
691-700,Universidade Federal do Rio Grande Do Sul ,Brazil
=371,Universidade Federal do Rio de Janeiro,Brazil
=400,Universidade Nova de Lisboa,Portugal
1201-1400,Universidade Presbiteriana Mackenzie,Brazil
1001-1200,Universidade da Coruña ,Spain
801-850,Universidade de Brasília,Brazil
701-710,Universidade de Santiago de Compostela,Spain
=85,Universidade de São Paulo,Brazil
901-950,Universidade de Vigo,Spain
1401+,Universidade do Estado de Santa Catarina,Brazil
1201-1400,Universidade do Estado do Rio de Janeiro (UERJ),Brazil
721-730,Universita' Politecnica delle Marche,Italy
1001-1200,"Universita' degli Studi ""G. d'Annunzio"" Chieti Pescara",Italy
851-900,Universita' degli Studi di Ferrara,Italy
1401+,Universitas Andalas,Indonesia
801-850,Universitas Brawijaya ,Indonesia
1001-1200,Universitas Hasanuddin,Indonesia
=237,Universitas Indonesia,Indonesia
1201-1400,Universitas Islam Indonesia,Indonesia
1401+,Universitas Kristen Petra,Indonesia
1401+,Universitas Muhammadiyah Surakarta,Indonesia
1201-1400,Universitas Muhammadiyah Yogyakarta,Indonesia
661-670,Universitas Padjadjaran,Indonesia
1201-1400,Universitas Pendidikan Indonesia,Indonesia
1001-1200,Universitas Sebelas Maret,Indonesia
1201-1400,Universitas Sumatera Utara,Indonesia
=149,Universitat Autònoma de Barcelona,Spain
354,Universitat Politècnica de Catalunya · BarcelonaTech (UPC),Spain
=476,Universitat Politècnica de València,Spain
=310,Universitat Pompeu Fabra (Barcelona),Spain
621-630,Universitat Ramon Llull,Spain
661-670,Universitat Rovira i Virgili,Spain
=164,Universitat de Barcelona,Spain
1001-1200,Universitat de Lleida,Spain
485,Universitat de Valencia,Spain
1201-1400,Universitatea de Vest din Timisoara / West University of Timisoara,Romania
=189,Universite libre de Bruxelles,Belgium
=387,Universiti Brunei Darussalam (UBD),Brunei
=159,Universiti Kebangsaan Malaysia (UKM),Malaysia
1001-1200,Universiti Kuala Lumpur (UniKL),Malaysia
=65,Universiti Malaya (UM),Malaysia
781-790,Universiti Malaysia Pahang,Malaysia
1001-1200,Universiti Malaysia Perlis,Malaysia
1001-1200,Universiti Malaysia Sabah (UMS),Malaysia
1001-1200,Universiti Malaysia Sarawak (UNIMAS),Malaysia
1001-1200,Universiti Malaysia Terengganu (UMT),Malaysia
951-1000,Universiti Pendidikan Sultan Idris (UPSI),Malaysia
158,Universiti Putra Malaysia (UPM),Malaysia
1201-1400,Universiti Sains Islam Malaysia,Malaysia
=137,Universiti Sains Malaysia (USM),Malaysia
1201-1400,Universiti Teknikal Malaysia Melaka,Malaysia
525,Universiti Teknologi Brunei,Brunei
555,Universiti Teknologi MARA - UiTM,Malaysia
188,Universiti Teknologi Malaysia ,Malaysia
=307,Universiti Teknologi PETRONAS (UTP),Malaysia
761-770,Universiti Tenaga Nasional (UNITEN),Malaysia
1001-1200,Universiti Tun Hussein Onn University of Malaysia (UTHM),Malaysia
801-850,Universiti Tunku Abdul Rahman (UTAR),Malaysia
=538,Universiti Utara Malaysia (UUM),Malaysia
=292,University College Cork,Ireland
=171,University College Dublin,Ireland
801-850,University Duesseldorf,Germany
1201-1400,University POLITEHNICA of Bucharest,Romania
851-900,University Paris 2 Panthéon-Assas,France
1401+,"University Politehnica of Timisoara, UPT",Romania
=542,University Ulm,Germany
771-780,University at Albany SUNY,United States
=491,University at Buffalo SUNY,United States
208,University of Aberdeen,United Kingdom
741-750,"University of Agriculture, Faisalabad ",Pakistan
901-950,"University of Alabama, Birmingham",United States
781-790,University of Alaska Fairbanks,United States
111,University of Alberta,Canada
801-850,University of Alicante,Spain
53,University of Amsterdam,Netherlands
=248,University of Antwerp,Belgium
1001-1200,University of Arkansas Fayetteville ,United States
344,University of Aveiro,Portugal
1201-1400,University of Babylon,Iraq
951-1000,University of Baghdad,Iraq
951-1000,University of Bahrain,Bahrain
801-850,University of Balamand,Lebanon
741-750,University of Bari,Italy
=124,University of Basel,Switzerland
1201-1400,University of Basrah,Iraq
148,University of Bath,United Kingdom
=509,University of Bayreuth,Germany
721-730,University of Belgrade,Serbia
=281,University of Bergen,Norway
=126,University of Bern,Switzerland
1201-1400,University of Bialystok,Poland
84,University of Birmingham,United Kingdom
=465,University of Bordeaux,France
641-650,University of Bradford,United Kingdom
791-800,University of Brescia,Italy
771-780,University of Brighton,United Kingdom
55,University of Bristol,United Kingdom
=34,University of British Columbia,Canada
851-900,University of Bucharest,Romania
951-1000,University of Calabria,Italy
801-850,University of Calcutta,India
182,University of Calgary,Canada
10,"University of California, Berkeley (UCB)",United States
=132,"University of California, Davis",United States
=268,"University of California, Irvine",United States
29,"University of California, Los Angeles (UCLA)",United States
=404,"University of California, Riverside",United States
62,"University of California, San Diego (UCSD)",United States
163,"University of California, Santa Barbara (UCSB)",United States
=332,"University of California, Santa Cruz",United States
2,University of Cambridge,United Kingdom
=421,University of Canberra ,Australia
=256,University of Canterbury | Te Whare Wānanga o Waitaha,New Zealand
=173,University of Cape Town,South Africa
=593,University of Central Florida,United States
901-950,University of Central Lancashire,United Kingdom
1201-1400,University of Central Oklahoma,United States
=556,"University of Chemistry and Technology, Prague",Czech Republic
11,University of Chicago,United States
691-700,University of Cincinnati,United States
=351,University of Coimbra,Portugal
=268,University of Cologne,Germany
1001-1200,University of Colombo,Sri Lanka
=264,University of Colorado Boulder,United States
721-730,"University of Colorado, Denver ",United States
=444,University of Connecticut,United States
=107,University of Copenhagen,Denmark
1401+,University of Craiova,Romania
=534,University of Crete,Greece
368,University of Cyprus (UCY),Cyprus
671-680,University of Debrecen,Hungary
=498,University of Delaware,United States
=407,University of Delhi,India
901-950,University of Denver,United States
1001-1200,University of Derby,United Kingdom
1001-1200,University of Deusto,Spain
691-700,University of Dhaka,Bangladesh
801-850,University of Dubai,United Arab Emirates
=295,University of East Anglia (UEA),United Kingdom
851-900,University of East London,United Kingdom
=548,University of Eastern Finland,Finland
=486,University of Electronic Science and Technology of China,China (Mainland)
791-800,University of Engineering & Technology (UET) Lahore,Pakistan
=358,University of Florence,Italy
168,University of Florida,United States
289,University of Galway,Ireland
128,University of Geneva,Switzerland
=530,University of Genoa,Italy
951-1000,University of Ghana,Ghana
=76,University of Glasgow,United Kingdom
187,University of Gothenburg,Sweden
403,University of Granada,Spain
671-680,University of Greenwich,United Kingdom
139,University of Groningen,Netherlands
=486,University of Guelph,Canada
232,University of Göttingen,Germany
651-660,University of Haifa,Israel
386,University of Hawaiʻi at Mānoa,United States
115,University of Helsinki,Finland
851-900,University of Hertfordshire,United Kingdom
651-660,University of Hohenheim,Germany
641-650,University of Houston,United States
1001-1200,University of Hradec Kralove,Czech Republic
=567,University of Huddersfield,United Kingdom
=523,University of Hull,United Kingdom
801-850,University of Hyderabad,India
1401+,University of Ibadan,Nigeria
1201-1400,University of Iceland,Iceland
1001-1200,University of Idaho,United States
=323,University of Illinois at Chicago (UIC),United States
64,University of Illinois at Urbana-Champaign,United States
1201-1400,University of International Business and Economics,China (Mainland)
1001-1200,University of Ioannina,Greece
=491,University of Iowa,United States
306,University of Johannesburg,South Africa
=498,University of Jordan,Jordan
=446,University of Jyväskylä,Finland
=410,University of Kansas,United States
1001-1200,University of Karachi,Pakistan
=336,University of Kent,United Kingdom
681-690,University of Kentucky,United States
1201-1400,University of Khartoum,Sudan
=580,University of Klagenfurt,Austria
1401+,University of Kragujevac,Serbia
1201-1400,University of Kufa,Iraq
621-630,University of Kwazulu-Natal,South Africa
1401+,University of Lagos,Nigeria
1401+,University of Lampung,Indonesia
801-850,University of Latvia,Latvia
=220,University of Lausanne,Switzerland
75,University of Leeds,United Kingdom
=272,University of Leicester,United Kingdom
426,University of Limerick,Ireland
851-900,University of Lincoln,United Kingdom
=266,University of Lisbon ,Portugal
=176,University of Liverpool,United Kingdom
621-630,University of Ljubljana,Slovenia
951-1000,University of Lodz,Poland
1001-1200,University of Louisville,United States
381,University of Luxembourg,Luxembourg
254,University of Macau,Macau SAR
=526,University of Madras,India
851-900,University of Malta,Malta
671-680,University of Manitoba,Canada
851-900,University of Maribor,Slovenia
711-720,"University of Maryland, Baltimore County",United States
=169,"University of Maryland, College Park",United States
245,University of Massachusetts Amherst,United States
801-850,University of Massachusetts Boston,United States
1401+,University of Mataram,Indonesia
1201-1400,University of Memphis,United States
851-900,University of Messina (UniME),Italy
=278,University of Miami,United States
33,University of Michigan-Ann Arbor,United States
=276,University of Milan,Italy
481,University of Milano-Bicocca ,Italy
611-620,University of Minho,Portugal
195,University of Minnesota Twin Cities,United States
1201-1400,University of Miskolc ,Hungary
1001-1200,University of Mississippi,United States
1201-1400,University of Missouri Saint Louis,United States
=586,"University of Missouri, Columbia",United States
1001-1200,"University of Missouri, Kansas City",United States
641-650,University of Modena and Reggio Emilia,Italy
691-700,University of Mons ,Belgium
1201-1400,University of Montana Missoula ,United States
751-760,University of Mumbai,India
901-950,University of Murcia,Spain
1001-1200,University of Nairobi,Kenya
335,University of Naples - Federico II,Italy
1001-1200,University of Naples Parthenope,Italy
280,University of Navarra,Spain
=551,University of Nebraska - Lincoln,United States
711-720,University of New Brunswick,Canada
951-1000,University of New England Australia,Australia
1001-1200,University of New Hampshire,United States
631-640,University of New Mexico,United States
1201-1400,University of Niš,Serbia
1001-1200,University of North Carolina at Charlotte,United States
1201-1400,University of North Carolina at Greensboro,United States
=132,"University of North Carolina, Chapel Hill",United States
1001-1200,University of North Texas,United States
781-790,University of Northern British Columbia,Canada
=304,University of Notre Dame,United States
=100,University of Nottingham,United Kingdom
1001-1200,University of Novi Sad,Serbia
641-650,University of Oklahoma,United States
1401+,University of Oradea,Romania
721-730,University of Oregon,United States
117,University of Oslo,Norway
1201-1400,University of Ostrava,Czech Republic
206,University of Otago,New Zealand
=203,University of Ottawa,Canada
=313,University of Oulu,Finland
3,University of Oxford,United Kingdom
851-900,University of Palermo,Italy
1201-1400,University of Pannonia,Hungary
1001-1200,University of Pardubice,Czech Republic
851-900,University of Parma,Italy
791-800,University of Patras,Greece
801-850,University of Pecs,Hungary
12,University of Pennsylvania,United States
1201-1400,University of Peradeniya ,Sri Lanka
951-1000,University of Peshawar,Pakistan
901-950,University of Petroleum and Energy Studies (UPES),India
=349,University of Pisa,Italy
=222,University of Pittsburgh,United States
=561,University of Plymouth,United Kingdom
253,University of Porto,Portugal
=502,University of Portsmouth,United Kingdom
=323,University of Pretoria,South Africa
1001-1200,University of Primorska,Slovenia
=169,University of Reading,United Kingdom
1001-1200,University of Regina,Canada
1001-1200,University of Rhode Island ,United States
1201-1400,University of Rijeka,Croatia
224,University of Rochester,United States
=489,"University of Rome ""Tor Vergata""",Italy
1201-1400,University of Rzeszów,Poland
=534,University of Salamanca,Spain
801-850,University of Salerno,Italy
851-900,University of Salford,United Kingdom
1201-1400,University of San Carlos,Philippines
1201-1400,University of San Diego,United States
1001-1200,University of San Francisco,United States
801-850,University of Santo Tomas,Philippines
1201-1400,University of Sarajevo ,Bosnia and Herzegovina
=345,University of Saskatchewan,Canada
=436,University of Science and Technology Beijing,China (Mainland)
=137,University of Science and Technology of China,China (Mainland)
951-1000,University of Seoul ,South Korea
=465,University of Sharjah,United Arab Emirates
731-740,University of Siena,Italy
1201-1400,University of Silesia in Katowice,Poland
851-900,University of South Africa,South Africa
1201-1400,University of South Alabama (USA),United States
=326,University of South Australia,Australia
1001-1200,University of South Bohemia,Czech Republic
=575,University of South Carolina,United States
=563,University of South Florida,United States
=81,University of Southampton,United Kingdom
116,University of Southern California,United States
=326,University of Southern Denmark (SDU),Denmark
=410,University of Southern Queensland ,Australia
1201-1400,University of Split,Croatia
=95,University of St Andrews,United Kingdom
=436,University of St.Gallen (HSG),Switzerland
1401+,University of Stavanger,Norway
=431,University of Stirling,United Kingdom
=276,University of Strathclyde,United Kingdom
244,University of Surrey,United Kingdom
218,University of Sussex,United Kingdom
601-610,University of Szeged,Hungary
=358,University of Tartu,Estonia
=307,University of Tasmania,Australia
90,University of Technology Sydney,Australia
=360,University of Tehran,"Iran, Islamic Republic of"
=520,University of Texas Dallas,United States
1001-1200,University of Texas El Paso ,United States
58,University of Texas at Austin,United States
1001-1200,University of Texas at San Antonio,United States
1001-1200,University of Toledo,United States
21,University of Toronto,Canada
=429,University of Trento,Italy
691-700,University of Trieste,Italy
=577,University of Tromsø The Arctic University of Norway,Norway
=355,University of Tsukuba,Japan
1001-1200,University of Tulsa,United States
=364,University of Turin,Italy
=315,University of Turku,Finland
210,University of Twente,Netherlands
1001-1200,University of Tyumen,Russia
751-760,University of Ulsan ,South Korea
=441,University of Utah,United States
901-950,University of Vermont,United States
322,University of Victoria (UVic),Canada
=130,University of Vienna,Austria
260,University of Virginia,United States
250,University of Waikato,New Zealand
1201-1400,University of Warmia and Mazury in Olsztyn,Poland
262,University of Warsaw ,Poland
63,University of Washington,United States
112,University of Waterloo,Canada
1201-1400,University of West Bohemia ,Czech Republic
711-720,University of Westminster,United Kingdom
641-650,University of Windsor,Canada
1001-1200,University of Wisconsin Milwaukee ,United States
102,University of Wisconsin-Madison,United States
=264,University of Witwatersrand,South Africa
162,University of Wollongong,Australia
1001-1200,University of Wolverhampton,United Kingdom
901-950,University of Wroclaw,Poland
1001-1200,University of Wyoming,United States
167,University of York,United Kingdom
751-760,University of Zagreb,Croatia
=91,University of Zurich,Switzerland
621-630,University of the Basque Country,Spain
1001-1200,University of the Free State,South Africa
1201-1400,University of the Pacific,United States
=404,University of the Philippines,Philippines
741-750,University of the Punjab,Pakistan
1001-1200,University of the Sunshine Coast ,Australia
741-750,University of the West of England,United Kingdom
951-1000,University of the Western Cape,South Africa
1001-1200,University of Žilina,Slovakia
=595,Università Vita-Salute San Raffaele,Italy
1001-1200,Università degli Studi della Tuscia (University of Tuscia),Italy
=469,Università degli Studi di Pavia,Italy
661-670,Università degli Studi di Perugia,Italy
1001-1200,Università degli Studi di Udine,Italy
901-950,Università degli studi Roma Tre,Italy
1201-1400,Università degli studi di Bergamo,Italy
1001-1200,Università del Salento,Italy
=505,Università Cattolica del Sacro Cuore,Italy
219,Università di Padova,Italy
=514,Universität Bremen,Germany
771-780,Universität Duisburg-Essen,Germany
205,Universität Hamburg,Germany
=362,Universität Innsbruck,Austria
=461,Universität Jena,Germany
478,Universität Konstanz,Germany
479,Universität Leipzig,Germany
=454,Universität Mannheim,Germany
460,Universität Potsdam,Germany
741-750,Universität Regensburg,Germany
761-770,Universität Rostock,Germany
1001-1200,Universität Siegen,Germany
312,Universität Stuttgart,Germany
=600,Universität des Saarlandes,Germany
=452,Université Claude Bernard Lyon 1,France
721-730,Université Côte d\'Azur,France
294,Université Grenoble Alpes,France
1201-1400,Université Jean Moulin Lyon 3,France
=441,Université Laval,Canada
1001-1200,Université Lumière Lyon 2,France
1201-1400,Université Mohammed V de Rabat,Morocco
24,Université PSL,France
=328,Université Paris 1 Panthéon-Sorbonne ,France
1201-1400,Université Paris-Nanterre,France
71,Université Paris-Saclay,France
=511,Université Paul Sabatier Toulouse III,France
1401+,Université Sorbonne Paris Nord,France
951-1000,Université Toulouse 1 Capitole,France
=180,Université catholique de Louvain (UCLouvain),Belgium
1001-1200,Université de Caen Normandie,France
1201-1400,Université de Franche-Comté,France
=563,Université de Fribourg,Switzerland
631-640,Université de Lille,France
1201-1400,Université de Limoges,France
=421,Université de Liège,Belgium
721-730,Université de Lorraine,France
=382,Université de Montpellier,France
=141,Université de Montréal ,Canada
771-780,Université de Nantes,France
236,Université de Paris-Cité,France
1001-1200,Université de Poitiers,France
711-720,Université de Rennes 1 (University of Rennes),France
1001-1200,Université de Sfax,Tunisia
801-850,Université de Sherbrooke,Canada
1001-1200,Université de Sousse,Tunisia
=421,Université de Strasbourg,France
1001-1200,Université de Toulouse II-Le Mirail,France
1201-1400,Université de Tunis,Tunisia
951-1000,Université de Tunis El Manar,Tunisia
751-760,Université du Québec,Canada
105,Uppsala University,Sweden
=473,Ural Federal University - UrFU,Russia
1001-1200,Utah State University ,United States
=107,Utrecht University,Netherlands
691-700,V. N. Karazin Kharkiv National University,Ukraine
1001-1200,VSB - Technical University of Ostrava,Czech Republic
1001-1200,Vancouver Island University,Canada
261,Vanderbilt University,United States
851-900,Vellore Institute of Technology (VIT),India
801-850,Verona University,Italy
711-720,Victoria University ,Australia
241,Victoria University of Wellington,New Zealand
951-1000,Viet Nam National University Ho Chi Minh City (VNU-HCM),Vietnam
951-1000,"Vietnam National University, Hanoi ",Vietnam
801-850,Vilnius Gediminas Technical University,Lithuania
=473,Vilnius University ,Lithuania
761-770,Virginia Commonwealth University,United States
=302,Virginia Polytechnic Institute and State University,United States
1201-1400,Voronezh State University,Russia
207,Vrije Universiteit Amsterdam,Netherlands
259,Vrije Universiteit Brussel (VUB),Belgium
801-850,Vytautas Magnus University,Lithuania
=151,Wageningen University & Research,Netherlands
701-710,Wake Forest University,United States
1001-1200,Warsaw University of Life Sciences – SGGW (WULS-SGGW),Poland
=571,Warsaw University of Technology,Poland
=199,Waseda University,Japan
=419,Washington State University,United States
=154,Washington University in St. Louis,United States
751-760,Wayne State University,United States
851-900,Wesleyan University,United States
901-950,West Virginia University,United States
1001-1200,Western Michigan University,United States
114,Western University,Canada
1401+,Western Washington University,United States
=384,Westfälische Wilhelms-Universität Münster ,Germany
851-900,Worcester Polytechnic Institute,United States
901-950,Wroclaw University of Science and Technology (WRUST),Poland
194,Wuhan University,China (Mainland)
851-900,Wuhan University of Technology,China (Mainland)
1001-1200,Xi'an Jiaotong Liverpool University,China (Mainland)
=392,Xiamen University,China (Mainland)
291,Xi’an Jiaotong University,China (Mainland)
16,Yale University,United States
1001-1200,Yamaguchi University ,Japan
1001-1200,Yarmouk University,Jordan
1001-1200,Yerevan State University,Armenia
=369,Yeshiva University,United States
951-1000,Yeungnam University ,South Korea
951-1000,Yildiz Technical University,Turkey
1201-1400,Yogyakarta State University,Indonesia
801-850,Yokohama City University,Japan
951-1000,Yokohama National University,Japan
=76,Yonsei University,South Korea
353,York University,Canada
1201-1400,Youngsan University,South Korea
1201-1400,Yuan Ze University,Taiwan
1201-1400,Zagazig University,Egypt
701-710,Zayed University,United Arab Emirates
=44,Zhejiang University,China (Mainland)
621-630,Zhengzhou University,China (Mainland)
1401+,Zürcher Hochschule Winterthur,Switzerland
=184,École Normale Supérieure de Lyon,France
1201-1400,Óbuda University,Hungary
